{"cameraMode":{"drawMode":0,"name":"Shaded","section":"Shading Mode"},"sceneLighting":false,"audioPlay":false,"sceneViewState":{"showFog":true,"showMaterialUpdate":true,"showSkybox":true,"showFlares":true,"showImageEffects":true,"showParticleSystems":true},"in2DMode":false,"pivot":{"x":19929.576171875,"y":6282.99755859375,"z":-33647.296875},"rotation":{"x":-0.010349002666771412,"y":-0.16867923736572267,"z":0.0017714323475956917,"w":-0.9856151342391968},"size":13.860745429992676,"orthographic":false}